{"cameraMode":{"drawMode":0,"name":"Shaded","section":"Shading Mode"},"sceneLighting":false,"audioPlay":false,"sceneViewState":{"showFog":true,"showMaterialUpdate":false,"showSkybox":false,"showFlares":true,"showImageEffects":true,"showParticleSystems":true},"in2DMode":false,"pivot":{"x":0.10019350051879883,"y":1.0701994895935059,"z":-63.65910339355469},"rotation":{"x":0.24356146156787873,"y":-0.11461605131626129,"z":0.02899882197380066,"w":0.9626547694206238},"size":0.8763852119445801,"orthographic":false}