{"cameraMode":{"drawMode":0,"name":"Shaded","section":"Shading Mode"},"sceneLighting":true,"audioPlay":false,"sceneViewState":{"showFog":true,"showMaterialUpdate":false,"showSkybox":true,"showFlares":true,"showImageEffects":true,"showParticleSystems":true},"in2DMode":false,"pivot":{"x":-0.28554248809814455,"y":1.7268483638763428,"z":73.41386413574219},"rotation":{"x":-0.17247332632541657,"y":0.7034797072410584,"z":-0.18248547613620759,"w":-0.6648834347724915},"size":2.55122447013855,"orthographic":false}