{"cameraMode":{"drawMode":0,"name":"Shaded","section":"Shading Mode"},"sceneLighting":true,"audioPlay":false,"sceneViewState":{"showFog":true,"showMaterialUpdate":false,"showSkybox":true,"showFlares":true,"showImageEffects":true,"showParticleSystems":true},"in2DMode":false,"pivot":{"x":0.1010046899318695,"y":1.0733823776245118,"z":10.00051212310791},"rotation":{"x":-0.20755402743816377,"y":-0.6444043517112732,"z":0.1879625916481018,"w":-0.7115738391876221},"size":3.8817625045776369,"orthographic":false}