{"cameraMode":{"drawMode":0,"name":"Shaded","section":"Shading Mode"},"sceneLighting":false,"audioPlay":false,"sceneViewState":{"showFog":true,"showMaterialUpdate":false,"showSkybox":false,"showFlares":true,"showImageEffects":true,"showParticleSystems":true},"in2DMode":false,"pivot":{"x":0.0000017881393432617188,"y":1.5359094142913819,"z":0.08290868997573853},"rotation":{"x":0.1486053764820099,"y":-0.2277190387248993,"z":0.03518012911081314,"w":0.9616984724998474},"size":2.356318950653076,"orthographic":false}