{"cameraMode":{"drawMode":0,"name":"Shaded","section":"Shading Mode"},"sceneLighting":true,"audioPlay":false,"sceneViewState":{"showFog":true,"showMaterialUpdate":false,"showSkybox":true,"showFlares":true,"showImageEffects":true,"showParticleSystems":true},"in2DMode":false,"pivot":{"x":-5.119999885559082,"y":1.4800000190734864,"z":65.77000427246094},"rotation":{"x":0.247801274061203,"y":-0.11736852675676346,"z":0.03025784157216549,"w":0.9612012505531311},"size":16.659534454345704,"orthographic":false}