{"cameraMode":{"drawMode":0,"name":"Shaded","section":"Shading Mode"},"sceneLighting":true,"audioPlay":false,"sceneViewState":{"showFog":true,"showMaterialUpdate":false,"showSkybox":true,"showFlares":true,"showImageEffects":true,"showParticleSystems":true},"in2DMode":false,"pivot":{"x":48.070716857910159,"y":30.731678009033204,"z":726.5496826171875},"rotation":{"x":-0.01177600771188736,"y":0.9747461676597595,"z":0.21663206815719605,"w":0.05298123508691788},"size":7.486081123352051,"orthographic":false}