{"cameraMode":{"drawMode":0,"name":"Shaded","section":"Shading Mode"},"sceneLighting":true,"audioPlay":false,"sceneViewState":{"showFog":true,"showMaterialUpdate":false,"showSkybox":false,"showFlares":true,"showImageEffects":true,"showParticleSystems":true},"in2DMode":false,"pivot":{"x":14.944965362548829,"y":-43.73891830444336,"z":25.26770782470703},"rotation":{"x":0.3859061896800995,"y":0.02213354967534542,"z":-0.009261811152100563,"w":0.9222277402877808},"size":66.1747055053711,"orthographic":false}