{"cameraMode":{"drawMode":0,"name":"Shaded","section":"Shading Mode"},"sceneLighting":true,"audioPlay":false,"sceneViewState":{"showFog":true,"showMaterialUpdate":false,"showSkybox":false,"showFlares":true,"showImageEffects":true,"showParticleSystems":true},"in2DMode":false,"pivot":{"x":-18.521595001220704,"y":-9.437774658203125,"z":43.952022552490237},"rotation":{"x":0.3452814519405365,"y":-0.38846269249916079,"z":0.15982018411159516,"w":0.8392488360404968},"size":36.80405807495117,"orthographic":false}