{"cameraMode":{"drawMode":0,"name":"Shaded","section":"Shading Mode"},"sceneLighting":false,"audioPlay":false,"sceneViewState":{"showFog":true,"showMaterialUpdate":false,"showSkybox":false,"showFlares":true,"showImageEffects":true,"showParticleSystems":true},"in2DMode":false,"pivot":{"x":-1.3054285049438477,"y":0.43792724609375,"z":0.614348828792572},"rotation":{"x":0.09880108386278153,"y":-0.7374226450920105,"z":0.11054683476686478,"w":0.6589899659156799},"size":3.4276061058044435,"orthographic":false}