{"cameraMode":{"drawMode":0,"name":"Shaded","section":"Shading Mode"},"sceneLighting":true,"audioPlay":false,"sceneViewState":{"showFog":true,"showMaterialUpdate":false,"showSkybox":false,"showFlares":true,"showImageEffects":true,"showParticleSystems":true},"in2DMode":false,"pivot":{"x":2.892642021179199,"y":8.68803596496582,"z":-12.269033432006836},"rotation":{"x":0.3859061896800995,"y":0.02213354967534542,"z":-0.009261811152100563,"w":0.9222277402877808},"size":11.513175010681153,"orthographic":false}