{"cameraMode":{"drawMode":0,"name":"Shaded","section":"Shading Mode"},"sceneLighting":false,"audioPlay":false,"sceneViewState":{"showFog":true,"showMaterialUpdate":false,"showSkybox":false,"showFlares":true,"showImageEffects":true,"showParticleSystems":true},"in2DMode":false,"pivot":{"x":0.18519020080566407,"y":-32.83195877075195,"z":37.05503845214844},"rotation":{"x":0.3859061896800995,"y":0.02213354967534542,"z":-0.009261811152100563,"w":0.9222277402877808},"size":44.57316970825195,"orthographic":false}