{"cameraMode":{"drawMode":0,"name":"Shaded","section":"Shading Mode"},"sceneLighting":false,"audioPlay":false,"sceneViewState":{"showFog":true,"showMaterialUpdate":false,"showSkybox":false,"showFlares":true,"showImageEffects":false,"showParticleSystems":true},"in2DMode":false,"pivot":{"x":515.3011474609375,"y":26.50908088684082,"z":217.8000030517578},"rotation":{"x":0.037800271064043048,"y":0.004807517398148775,"z":-0.0001805233332561329,"w":0.9992755651473999},"size":34.85684585571289,"orthographic":false}