{"cameraMode":{"drawMode":0,"name":"Shaded","section":"Shading Mode"},"sceneLighting":false,"audioPlay":false,"sceneViewState":{"showFog":true,"showMaterialUpdate":false,"showSkybox":false,"showFlares":true,"showImageEffects":true,"showParticleSystems":true},"in2DMode":false,"pivot":{"x":-0.7527320384979248,"y":1.9575135707855225,"z":0.14968442916870118},"rotation":{"x":0.3530276119709015,"y":-0.28377625346183779,"z":0.11328500509262085,"w":0.8843589425086975},"size":2.2683229446411135,"orthographic":false}