{"cameraMode":{"drawMode":0,"name":"Shaded","section":"Shading Mode"},"sceneLighting":false,"audioPlay":false,"sceneViewState":{"showFog":true,"showMaterialUpdate":false,"showSkybox":false,"showFlares":true,"showImageEffects":true,"showParticleSystems":true},"in2DMode":false,"pivot":{"x":6.029998302459717,"y":1.9440886974334717,"z":-2.6918845176696779},"rotation":{"x":-0.10148508846759796,"y":0.34237995743751528,"z":-0.03722860664129257,"w":-0.9333236813545227},"size":2.3823773860931398,"orthographic":false}