{"cameraMode":{"drawMode":0,"name":"Shaded","section":"Shading Mode"},"sceneLighting":true,"audioPlay":false,"sceneViewState":{"showFog":true,"showMaterialUpdate":false,"showSkybox":false,"showFlares":true,"showImageEffects":true,"showParticleSystems":true},"in2DMode":false,"pivot":{"x":-4.023402214050293,"y":-15.995100021362305,"z":54.35918426513672},"rotation":{"x":0.3859061896800995,"y":0.02213354967534542,"z":-0.009261811152100563,"w":0.9222277402877808},"size":28.109689712524415,"orthographic":false}