{"cameraMode":{"drawMode":0,"name":"Shaded","section":"Shading Mode"},"sceneLighting":true,"audioPlay":false,"sceneViewState":{"showFog":true,"showMaterialUpdate":false,"showSkybox":true,"showFlares":true,"showImageEffects":true,"showParticleSystems":true},"in2DMode":false,"pivot":{"x":509.0559997558594,"y":37.7462158203125,"z":0.0},"rotation":{"x":-0.12231837213039398,"y":-0.03275010362267494,"z":-0.00404695700854063,"w":0.9919595718383789},"size":205.82342529296876,"orthographic":false}