{"cameraMode":{"drawMode":0,"name":"Shaded","section":"Shading Mode"},"sceneLighting":true,"audioPlay":false,"sceneViewState":{"showFog":true,"showMaterialUpdate":false,"showSkybox":true,"showFlares":true,"showImageEffects":true,"showParticleSystems":true},"in2DMode":false,"pivot":{"x":5.022119045257568,"y":1.8247654438018799,"z":756.2056274414063},"rotation":{"x":-0.08867315202951431,"y":0.7639119625091553,"z":-0.10750303417444229,"w":-0.6300978064537048},"size":2.495342254638672,"orthographic":false}