{"cameraMode":{"drawMode":0,"name":"Shaded","section":"Shading Mode"},"sceneLighting":false,"audioPlay":false,"sceneViewState":{"showFog":true,"showMaterialUpdate":false,"showSkybox":false,"showFlares":true,"showImageEffects":true,"showParticleSystems":true},"in2DMode":false,"pivot":{"x":0.0,"y":0.26451727747917178,"z":-9.5367431640625e-7},"rotation":{"x":0.05128562077879906,"y":0.010479401797056198,"z":-0.000542218389455229,"w":0.9986404776573181},"size":19.676301956176759,"orthographic":false}