{"cameraMode":{"drawMode":0,"name":"Shaded","section":"Shading Mode"},"sceneLighting":true,"audioPlay":false,"sceneViewState":{"showFog":true,"showMaterialUpdate":false,"showSkybox":false,"showFlares":true,"showImageEffects":true,"showParticleSystems":true},"in2DMode":false,"pivot":{"x":-8.279104232788086,"y":-13.607751846313477,"z":49.6368408203125},"rotation":{"x":0.3452814519405365,"y":-0.38846269249916079,"z":0.15982018411159516,"w":0.8392488360404968},"size":18.608823776245118,"orthographic":false}